{
  "project_info": {
    "project_number": "627788818445",
    "project_id": "exe7castueramarinella-67253",
    "storage_bucket": "exe7castueramarinella-67253.appspot.com"
  },
  "client": [
    {
      "client_info": {
        "mobilesdk_app_id": "1:627788818445:android:5fb35a203237e025ef0d44",
        "android_client_info": {
          "package_name": "com.practice"
        }
      },
      "oauth_client": [
        {
          "client_id": "627788818445-hd9qtvl5niv2cm89vsuqmn1lu7399hbr.apps.googleusercontent.com",
          "client_type": 3
        }
      ],
      "api_key": [
        {
          "current_key": "AIzaSyAehoDI4Fxnd8Kkkjf-CRmiu9Qw4ilOiAU"
        }
      ],
      "services": {
        "appinvite_service": {
          "other_platform_oauth_client": [
            {
              "client_id": "627788818445-hd9qtvl5niv2cm89vsuqmn1lu7399hbr.apps.googleusercontent.com",
              "client_type": 3
            }
          ]
        }
      }
    },
    {
      "client_info": {
        "mobilesdk_app_id": "1:627788818445:android:834920454e648c3eef0d44",
        "android_client_info": {
          "package_name": "mkk.EducationalTour"
        }
      },
      "oauth_client": [
        {
          "client_id": "627788818445-hd9qtvl5niv2cm89vsuqmn1lu7399hbr.apps.googleusercontent.com",
          "client_type": 3
        }
      ],
      "api_key": [
        {
          "current_key": "AIzaSyAehoDI4Fxnd8Kkkjf-CRmiu9Qw4ilOiAU"
        }
      ],
      "services": {
        "appinvite_service": {
          "other_platform_oauth_client": [
            {
              "client_id": "627788818445-hd9qtvl5niv2cm89vsuqmn1lu7399hbr.apps.googleusercontent.com",
              "client_type": 3
            }
          ]
        }
      }
    }
  ],
  "configuration_version": "1"
}